{
  "project_info": {
    "project_number": "307162946056",
    "project_id": "wardhana-bd9be",
    "storage_bucket": "wardhana-bd9be.appspot.com"
  },
  "client": [
    {
      "client_info": {
        "mobilesdk_app_id": "1:307162946056:android:95dea2d0e29ba5a620cfbd",
        "android_client_info": {
          "package_name": "com.example.feri_kusuma_wardhana_tugas_10"
        }
      },
      "oauth_client": [],
      "api_key": [
        {
          "current_key": "AIzaSyD8aFxz5KtWKYF02esJiF47NqkL0OTHGoQ"
        }
      ],
      "services": {
        "appinvite_service": {
          "other_platform_oauth_client": []
        }
      }
    }
  ],
  "configuration_version": "1"
}